FSD1665,od
FSD3877,od
FSD1952,od
FSD0718,od
FSD3268,od
FSD3269,od
FSD7215,od
FSD3879,od
FSD7214,od
FSD3726,od
FSD3878,od
FSD7775,od
FSD3267,in
RUR4158,od
FSD4828,od
FSD3561,in
HWY4530,od
FSD7213,in
FSD4688,od
FSD1928,od
HWY7739,od
RUR4831,od
FSD8444,od
FSD7251,od
FSD7695,od
FSD8439,od
FSD7653,od
FSD0820,in
FSD7759,od
fsd7454,od
FSD7654,in
FSD7422,od
FSD7336,od
FSD3307,od
FSD0762,od
FSD3303,od
FSD1649,od
FSD4135,od
FSD3272,od
FSD0301,in
FSD3274,od
FSD3301,od
FSD0720,od
FSD7772,od
FSD3730,od
FSD7470,in
FSD4704,od
FSD7656,od
FSD1946,od
FSD7324,od
FSD3282,od
FSD7696,od
FSD8440,od
FSD0055,od
FSD3297,od
FSD7649,od
FSD4699,od
FSD0415,in
FSD3082,in
FSD3731,od
FSD4701,od
FSD3868,od
FSD7216,od
FSD3271,od
FSD0763,in
FSD3270,od
FSD8938,od
FSD7946,in
FSD0011,od
MUL7915,od
mul7919,od
MUL0886,od
MUL3252,od
Mul4601,od
MUL0411,od
MUL0885,od
MUL3379,od
MUL0324,od
MUL7926,od
Mul4618,od
MUL0887,od
MUL0716,in
MUL8404,od
MUL0897,od
RUR1013,od
RUR1216,od
HWY0649,od
RUR0144,od
HWY7694,od
RUR4827,od
HWY7321,od
FSD0345,od
RUR0174,od
HWY9167,od
HWY0810,od
HWY3298,od
RUR0337,od
FSD4351,od
FSD7954,od
FSD5221,od
FSD3085,od
FSD7643,od
FSD3300,od
FSD7452,od
FSD0300,od
FSD1676,od
FSD7338,od
FSD7697,od
FSD4136,od
FSD3905,od
FSD3295,od
FSD7956,od
FSD4694,od
MUL3387,od
MUL2120,od
MUL4614,od
MUL0826,in
MUL3676,od
MUL7922,in
MUL0843,od
MUL3378,od
MUL7239,od
MUL0312,in
MUL4617,od
MUL7770,od
MUL3380,od
MUL0155,od
fsd7453,od
FSD3086,od
FSD0018,in
FSD4689,od
FSD3309,od
FSD0180,od
FSD4829,od
FSD7959,od
FSD3264,od
FSD3903,od
FSD0844,in
FSD7953,od
FSD3263,od
FSD4687,od
FSD3718,od
FSD7651,od
MUL0183,od
MUL3385,od
MUL3377,in
Mul3384,od
MUL3381,od
MUL0821,od
MUL7666,od
MUL0030,od
MUL3680,od
MUL8403,od
MUL3383,od
MUL8402,od
Mul3681,od
MUL7255,in
MUL7378,od
FSD3203,od
FSD3083,od
FSD0047,od
FSD0106,od
FSD7217,in
FSD0812,od
FSD3279,od
FSD0828,od
FSD7641,od
FSD8495,od
FSD3265,od
FSD7426,od
FSD3904,od
FSD0302,in
FSD4690,od
MUL4598,od
MUL3392,od
MUL3367,od
MUL4613,od
MUL1951,od
MUL3391,od
MUL0408,od
MUL7921,od
MUL3365,od
MUL0895,od
MUL0238,od
MUL3364,od
MUL7920,od
MUL0713,od
MUL7420,od
FSD3292,od
FSD7646,od
FSD3293,od
FSD3732,od
FSD0413,in
FSD0786,in
FSD3724,od
FSD2312,od
FSD3204,od
FSD7901,od
FSD0285,in
FSD0414,in
FSD4693,od
FSD7369,od
FSD0420,in
FSD7337,od
FSD4698,od
FSD4697,od
FSD7637,in
FSD3296,od
FSD0787,od
FSD7469,od
FSD3291,od
FSD3290,od
MUL3369,od
MUL0499,od
Mul8397,in
MUL3370,in
MUL5218,in
MUL0896,od
MUL7914,od
MUL0714,od
FSD7958,od
FSD3311,od
FSD3276,od
FSD7957,od
FSD8494,od
FSD3205,od
FSD3723,od
FSD0417,od
FSD3281,in
FSD3733,od
FSD3202,od
FSD3280,od
MUL3382,od
MUL3373,od
MUL8911,od
Mul3372,in
MUL3389,od
MUL3678,od
MUL3097,in
MUL0028,in
MUL3375,od
MUL7662,od
MUL3376,od
MUL3255,od
FSD4685,od
FSD7955,od
FSD7642,od
FSD8492,od
fsd7428,od
FSD7320,od
FSD0314,in
FSD7655,in
FSD4695,od
FSD7948,od
FSD3287,od
FSD7427,od
FSD3080,od
FSD7690,od
FSD0113,in
FSD3285,od
MUL7247,od
MUL8413,od
MUL7925,od
MUL4352,od
MUL7248,od
MUL3388,od
MUL8401,od
MUL0811,od
MUL3251,od
MUL3674,in
MUL7917,od
MUL7916,od
MUL4933,od
MUL0128,in
FSD3721,od
FSD3284,od
FSD1515,in
FSD7645,in
FSD4684,od
FSD7952,od
FSD3299,od
FSD7761,od
FSD7691,od
FSD7211,od
FSD0827,in
FSD7339,od
FSD4711,od
FSD8934,od
FSD7945,od
FSD7776,od
MUL0227,od
MUL7246,od
MUL8409,od
Mul8398,od
MUL3679,in
MUL7918,od
MUL4605,od
MUL8408,od
MUL0112,od
MUL0829,od
MUL4604,od
MUL3371,od
MUL7256,od
MUL3386,od
MUL4607,od
HWY3701,od
HWY7980,od
HWY7259,od
RUR1217,od
HWY0462,od
RUR0633,od
RUR0630,od
HWY8525,od
SRS4825,in
MNI8524,od
DSA7906,od
RUR1218,od
HWY4824,od
RUR0629,od
RUR4151,od
MUL7252,od
MUL4612,od
MUL8411,od
Mul7232,od
MUL3368,od
MUL0423,od
MUL4609,od
MUL8399,od
MUL4597,od
MUL3253,od
MUL3366,od
Mul4616,od
MUL7663,od
mul7924,od
MUL7881,od
TTJ8067,od
STY3336,od
RUR0619,od
RUR4848,od
STY3337,od
RUR4841,in
HWY7449,od
HWY4705,in
RUR1188,od
RUR1220,od
HWY7335,od
HWY3720,od
HWY7448,od
HWY7977,od
HWY4833,in
BGD8039,od
BGD8038,od
JRW7450,od
JRW8427,od
JRW3110,od
JRW7978,od
JRW7451,od
JRW8426,od
JRW4011,od
JRW4069,od
JRW3751,od
JRW8425,od
BGD8037,od
HWY8527,od
RUR4708,od
RUR1303,od
ALM2015,od
ALM0875,od
ALM2014,od
ALM4386,od
RUR0307,od
RUR0168,od
ALM1666,od
MUL7219,in
MUL2233,od
KOW7354,od
RUR2244,od
RUR4717,od
HWY7968,od
HWY1012,od
HWY4452,od
RUR0327,od
RUR1025,od
HWY4766,od
KUL7563,od
TAN7979,od
TAN4765,od
KUL7562,od
MOZ7355,od
KUL7564,od
RUR3450,in
BJA7318,od
ARA7548,od
ARA7547,od
ARA7546,od
RUR1316,od
RUR1324,od
HWY0435,od
HWY0874,od
HWY2100,od
HWY1231,od
SPR8472,od
SPR4599,od
RUR1249,od
HWY7322,od
HWY3708,od
HWY0091,od
HWY4610,od
RUR1251,od
KOW7352,od
KOW7353,od
TAN4070,od
RUR7465,od
SUM8390,od
SUM4063,od
SUM4064,od
SUM7981,od
SUM3847,od
RUR0204,od
RUR4762,in
RUR7425,od
RUR0270,od
RUR4850,in
KAL7356,od
RUR8523,od
RUR0236,od
RUR1319,od
QRW3556,od
QRW2003,od
QRW0434,od
RUR1248,od
RUR0103,od
RUR4718,od
HWY1311,od
RUR3634,od
RUR1234,od
RUR0709,od
HWY4770,od
HWY4453,od
HWY7492,od
RUR1018,od
HWY8665,od
PKA8308,in
PKA8664,od
RUR4780,od
RUR8522,od
SRS8302,in
RUR0222,od
RUR4712,od
RUR7423,od
HWY2085,od
RUR3308,od
RUR1213,od
RUR1214,od
RUR8898,od
HWY0154,od
KNL7444,od
KNL7443,od
HWY0706,od
KNL3522,od
KNL8385,od
KNL3520,od
KNL3521,in
KNL7442,od
KNL4029,od
KNL3638,od
KNL0433,in
HWY7445,od
RUR1020,od
HWY4028,od
RUR1278,od
HWY7659,od
HWY0181,od
GOJ8350,od
GOJ8445,od
GOJ4074,od
GOJ4014,od
GOJ7421,od
GOJ3109,od
GOJ7726,od
RUR4763,in
KPH8735,od
MSM4354,od
MSM4353,in
MLI8754,od
RUR1331,od
ALM4387,od
RUR0189,od
RUR0715,od
HWY4263,od
RUR4602,od
HWY9163,od
HWY7371,od
RUR0059,od
HWY0041,od
MUL8412,od
MUL0711,od
MUL8910,od
MUL3672,od
MUL0182,od
MUL7969,od
RUR2277,od
TOB0138,od
RUR0316,od
RUR4764,od
TOB7436,od
TOB4033,od
TOB8420,od
TOB3703,in
TOB7435,od
MSN4363,od
RUR0602,od
MSN4362,od
RUR4249,od
KML4371,od
RUR0342,od
SUJ0105,od
SUJ7973,od
SUJ4277,od
SUJ4102,od
SUJ4276,od
RUR1229,od
RUR3626,od
RUR1247,od
RUR1245,od
RUR7680,od
RUR4385,od
RUR4092,od
RUR1244,od
RUR4301,od
RUR2005,od
HWY2222,od
HWY1309,od
AHD8028,od
RUR3689,in
RUR1177,od
RUR3374,od
RUR3702,od
RUR2266,od
RUR0344,od
AHD8027,od
HWY0731,od
AHD8026,od
RUR4772,od
RUR1254,od
HWY4457,in
HWY8568,od
KTB8657,od
DKH4375,od
RUR3817,od
JIS0946,in
PML3517,od
PML7206,od
PML4450,od
PML3516,od
TWB7549,od
SHC7903,od
TWB7550,od
RUR1255,od
RUR4451,in
SHC4536,od
AHD8029,od
RUR8587,in
RUR4767,od
KNO7293,od
KNO7312,od
RUR3725,od
GMR8719,od
SHO3210,od
GMR8717,od
RUR3818,od
SHO4456,in
HWY2296,od
HWY4920,od
HWY7249,od
HWY0425,od
RUR1417,od
RUR0333,od
hwy7996,od
BQR8033,od
TLM4278,od
TLM4279,od
RUR4495,od
ABH4291,od
BQR8035,od
HWY7494,od
BQR8036,od
HWY0621,od
RUR7719,in
RUR4115,od
RUR3709,od
RUR4019,od
RUR0708,od
ABH4954,od
HWY1413,od
RUR1339,od
MCH4031,od
MCH0441,in
MCH3873,od
MCH8912,od
MCH7446,od
HWY2037,od
KBA7509,od
KBA7512,od
HWY4213,od
KBA7511,od
KAS6577,od
SDW4874,od
SDW8585,od
JIS0949,od
JIS0948,od
RUR1403,od
HWY8897,od
HWY1897,od
HWY4677,od
RUR2004,od
HWY0473,od
TLH8326,od
HWY7416,od
TLH8325,od
RUR4959,od
HWY2103,od
HWY4461,od
RUR2242,od
RUR1269,od
RUR4459,in
HWY4800,od
RUR1460,od
HWY7283,od
ABB4361,od
ABB4360,od
HWY0476,od
PCL8330,od
KDT7545,od
KDT7544,od
LPR7481,od
RUR1239,od
LPR0438,od
LPR1677,od
KBL7730,od
kbl7284,od
KBL3558,od
GAC8348,od
GAC8343,od
LPR3872,od
GAC1122,od
RUR1459,od
JHO6184,od
JHO6183,od
RUR4108,od
RUR0171,od
RUR8905,od
RUR4716,od
RUR0430,od
RUR1250,od
HWY4892,od
RUR4107,in
HWY4891,od
SDA4365,od
APS4890,od
BYN7313,od
RUR1031,od
RUR1315,od
RUR1340,od
RUR1266,od
RUR1268,od
RUR3670,in
RUR1264,od
RUR3957,od
RUR8926,od
HWY1263,od
PCL8331,od
CCH8636,od
HWY4988,in
CCH8637,od
RUR0409,od
HWY8924,in
RUR1267,od
RUR0163,od
RUR1368,od
HWY4838,od
RUR0226,od
HWY8158,od
HWY7474,od
KBR3514,od
KBR8393,od
RUR0162,od
HWY0865,in
MKD7268,od
RUR0159,od
RUR1271,od
JDP8219,od
RUR4861,od
RUR4955,od
JDP8099,od
HWY0102,od
MGH4490,in
MGH3913,od
MGH8942,od
MGH8382,od
MGH3216,od
MGH3927,od
MGH4047,od
HWY0109,od
MGH0424,in
MGH7493,od
HWY0393,od
HWY4266,od
HWY7723,od
RUR0570,od
RUR4489,in
HWY1308,od
HWY7597,od
HWY3095,od
HWY7728,od
HWY7240,od
HWY1209,od
SGD7672,od
SGD7210,in
SGD7596,od
SGD7209,od
SGD0396,in
SGD3819,od
SGD3796,od
SGD4546,in
SGD7927,od
SGD3899,od
FSD8443,od
SGD4073,od
SGD1987,od
SGD1740,od
SGD7773,od
SGD7934,od
SGD3794,od
SGD7367,od
SGD0818,in
SGD7933,in
SGD3821,od
SGD7929,od
SGD8424,od
SGD0354,od
SGD8422,od
SGD0220,od
RUR8927,od
HWY7270,od
KPR7483,od
KPR7682,od
KPR3925,od
KPR3642,od
KPR7484,od
KPR0889,od
KPR0439,in
KPR3641,od
HWY0474,in
RUR4600,in
HWY7271,in
KPR8351,od
KPR0780,od
SGD0276,od
SGD3795,od
SGD3990,od
SGD0131,od
SGD7387,od
SGD7670,od
SGD0899,od
SGD3822,od
SGD3824,od
SGD3823,od
SGD7430,in
SGD7928,od
SGD7931,od
SGD7475,od
SGD7476,od
RUR1211,od
SGD7930,od
SGD7429,od
SGD3501,od
SGD4545,od
SGD7932,od
SGD7477,od
SGD0228,od
SGD1005,od
HWY8510,od
RUR4553,od
HWY8512,od
RUR1210,od
HDT8513,od
HDT3825,in
KMR3289,od
KMR3286,od
RUR3583,od
MDL0253,od
RUR0295,od
RUR0142,od
BQW7560,od
KSM4487,od
KSM0475,od
LLG6179,od
LLG5869,od
MNQ3585,od
RUR4088,od
MNQ8327,od
RUR1265,od
HWY4989,od
RUR1366,od
ROD4918,od
HWY1203,od
HWY4886,od
RUR4554,od
RUR4777,od
HWY4779,in
RUR0606,od
RUR0608,od
RUR0607,od
hwy7326,od
MTW8588,od
MTW4444,in
RUR1008,od
ABD8704,od
CNK7212,od
RUR1455,od
RUR1261,od
JDW8631,od
RUR8632,in
JDW8630,od
RUR3599,od
RPK3622,in
HWY4427,in
RUR8635,od
RPK8322,od
ROJ4506,od
DAU0916,od
RUR8634,od
RUR3623,od
RUR1365,od
DHR4234,od
HDT8514,od
DHR4235,od
RUR1212,od
ABD8702,od
CNK7224,od
LMR8693,od
SHP8362,od
HWY8694,in
SHP4270,in
LMR8695,in
SHP3755,od
HWY7716,od
RUR3938,od
HWY8582,od
RUR1328,od
RUR1453,od
HWY3624,in
RUR0143,od
RUR8907,in
HWY7278,od
HWY0362,od
RUR1238,od
RUR4502,od
RUR0148,od
RUR1347,od
HWY0214,od
HWY0734,od
KFQ8798,od
RUR2035,od
RUR3591,in
KHU4049,od
KHU4428,od
KHU4089,od
KHU3458,in
KHU0900,od
JVR4315,od
JVR4118,od
RUR4606,od
RJR8739,od
RJR8738,od
RUR4709,od
DHK4399,od
RUR1240,od
DHK4048,od
HWY4429,od
RUR1304,od
RUR7274,od
RYK3690,od
RYK3437,od
RYK0400,in
RYK7689,od
RYK7272,od
RYK3099,od
RYK3692,od
RYK8418,od
RYK3446,od
RYK3627,od
RYK7668,od
RYK7275,od
RYK0733,od
RYK7276,od
RYK8908,od
RYK3441,od
RYK7667,od
RYK3440,od
RYK8410,od
RYK3438,od
RYK0391,in
RYK7277,od
RYK3693,od
MNW4292,od
MNW0374,od
MNW7237,od
MNW3912,od
MNW4020,od
MNW3870,od
MNW3914,in
MNW3783,in
HWY3915,od
CHB7541,od
RUR0120,od
RUR1207,od
RUR0401,od
HWY7225,od
GHU7333,od
MNT4799,od
TAR6224,od
HWY4485,od
RUR4486,od
RUR3961,od
RUR0195,od
TAR0248,od
RUR1262,od
RUR8449,od
RUR4319,od
DAG8446,od
HWY3444,od
RUR4499,od
RUR3582,od
RUR1348,od
RUR1352,od
GNJ3784,in
HWY1100,od
MBD8661,in
KHC3918,od
KHC7480,od
KHC4900,od
HWY0410,od
WCH8334,od
RUR0397,od
RUR3919,od
RUR1206,od
RUR0353,od
RUR0355,od
HWY3917,od
CHB7542,od
JRD7207,in
JRD3462,od
JRD0135,od
JRD3871,od
JRD4423,od
JRD7325,od
HDL4917,od
MTW4422,od
GNJ7727,od
GNJ8597,od
GNJ3997,od
RUR4857,od
RUR1291,od
RUR4883,od
WCH7396,od
RUR4803,od
AKH7519,in
RUR4783,od
AKH7520,od
HWY7200,od
RUR4317,in
KDL4802,od
RUR8488,od
KDL8364,od
RUR4675,od
MIS8686,od
RUR4801,od
MIS8684,od
MIS8685,od
RUR0232,od
SDQ8406,od
SDQ7280,od
SDQ3696,od
RUR0122,in
SDQ3695,od
SDQ7279,od
SDQ0814,od
SDQ3443,od
SDQ8400,od
SDQ2011,od
SDQ3694,od
sdq7478,od
SDQ3527,in
HWY0369,od
TDI0945,od
GME3453,od
KNA3084,od
TDI0944,od
TDI0943,in
HGW6289,od
GME3590,od
HGW6236,od
KSB4797,in
KSB0380,od
RUR0239,od
CSM4785,od
CSM4784,od
HWY4899,in
RUR4786,od
rur3574,od
ISA4242,od
ISA3910,od
RUR1204,od
HWY1202,od
AKH7521,od
RUR4243,od
MKR8542,od
MKR8544,od
MKR7599,od
RUR7722,od
RUR4798,od
UBO6706,od
UBO6705,od
RUR3526,od
RUR8407,od
KRA7139,od
RUR3963,od
RUR0151,od
HGW7016,od
NAH3201,od
HWY4103,in
NAH3283,od
BNG8339,od
RUR3625,od
BNG4105,od
RUR1380,od
HWY1409,od
RYK0029,in
BAL8596,od
DUB8040,in
PPL3923,od
RUR4898,od
PPL4965,od
RUR4818,in
PPL7909,od
RUR0644,od
PPL8489,od
RUR1208,od
RUR0643,od
RUR0328,od
RUR0642,od
RUR3921,od
RUR1337,od
BHP7592,od
HWY7718,od
BHP7942,od
BHP7940,od
BHP0259,od
BHP0830,od
HWY7220,od
BHP4216,in
BHP8383,od
BHP0399,in
BHP7763,od
bhp7938,in
BHP8365,od
RUR1411,od
NPT8570,od
HWY8573,od
ROD8595,in
RPB8072,od
RPB8315,od
RUR4778,od
ADK8577,in
RUR0124,od
ADK4595,od
ADK4676,od
NPT4851,od
RUR3920,od
RUR1205,od
HWY8575,od
DAB4594,od
DAB3922,od
DUB8041,in
HWY4916,od
RUR0620,od
HWY4816,od
RUR1016,od
HWY1201,od
HWY4923,od
RUR0134,od
HWY7267,od
RUR3924,od
RUR4924,od
RUR4901,od
RUR1452,od
HWY1230,od
BHP7317,in
BHP0062,in
BHP4340,in
BHP3504,in
BHP3101,od
BHP3907,od
BHP0732,in
BHP3102,od
HWY4911,od
RUR4814,od
HWY3926,od
RUR4817,od
RUR4927,od
RUR4925,od
TIN8473,od
RUR0234,od
RUR0361,od
RUR4926,od
RUR1457,od
BHP7943,od
BHP7936,od
BHP0880,od
BHP4214,od
BHP4344,od
BHP0365,od
BHP3659,od
BHP3580,od
BHP7231,od
BHP4215,od
BHP7937,od
BHP0813,od
BHP7243,in
BHP3578,od
BHP4122,od
bhp7939,od
BHP0871,od
BHP1111,od
BHP3958,od
RUR0115,od
HWY7373,od
RUR3986,od
ADW8656,od
ADW4580,od
RUR8654,od
MKU7329,od
HWY0098,in
LDH7935,od
LDH8909,od
LDH0510,od
LDH8379,od
LDH4436,od
LDH0436,in
HWY2024,od
HWY4437,od
RUR1272,od
MKU7327,od
HWY2116,od
HWY4268,od
RUR1232,od
RUR4996,od
HWY1273,od
KRP2008,od
KRP3663,od
KRP4867,od
KRP7375,in
RUR0318,od
KRP4866,od
KRP4868,od
RUR1252,od
WAH5811,od
RUR4922,od
KRP7499,od
KRP8384,od
HWY1343,od
BRW0086,od
BRW7456,od
BRW7383,od
BRW0892,od
BRW4104,in
BRW8368,in
BRW3209,in
BRW8367,od
BRW3890,in
BRW7457,od
BRW3982,od
BRW4025,in
BRW7974,od
RUR4680,od
RUR4681,od
HSH8508,od
BHG8061,od
RUR0632,od
HWY0631,od
HWY7911,od
RUR0321,od
RUR0173,od
RUR0320,od
GGM4956,in
HWY7975,in
HWY4957,od
RUR0336,od
RUR1405,od
RUR1113,od
RUR0165,od
ARW3115,od
ARW3906,od
RUR0247,od
ARW4403,od
ARW7297,od
ARW0867,od
RUR0325,od
RUR0592,od
ARW4109,od
ARW4402,od
HWY0891,od
HWY0605,od
HWY8549,od
HWY1408,od
KMZ4439,od
JLJ8615,od
KMZ8548,od
RUR0589,od
RUR2192,od
RUR8553,od
HWY2019,od
RUR8552,od
HWY8454,od
FPR8453,od
FPR8550,od
RUR1356,od
HWY4888,od
RUR4720,od
HWY2025,od
HOT8727,od
QAB0249,od
QAB3658,od
HOT8726,od
QAB4887,od
HOT8728,od
RUR0343,od
ARF6181,od
RUR1144,od
RUR0690,od
ARF6180,od
HWY4253,od
RUR0203,od
ABN4370,od
HWY3661,od
HWY0479,od
RUR4121,od
HWY4678,od
DEE5863,od
HWY0096,od
KTW0095,od
KTW3667,od
HWY0428,od
HWY7300,od
KTW3984,od
RUR1421,od
RUR1416,od
RUR1410,od
BHG8060,od
RUR4862,od
RUR3715,od
HWY7289,od
RUR0252,od
RUR0250,od
BDB7514,od
RUR0595,od
GZD4864,od
RUR0596,od
BDB7513,od
GZD3953,od
HWY7299,od
bdb7515,od
RUR4990,od
HWY7241,od
HWY0153,od
HWY0322,od
HWY7311,od
MBP8560,od
RUR4960,od
RUR4460,od
MBP8561,od
RUR0158,od
MBP3988,od
HWY0443,od
HWY0089,od
RUR0655,od
HWY0688,od
ALN7533,od
DWA0914,od
DWA0911,od
AKG8022,od
RUR4863,od
NAB7404,od
AKG8023,od
RUR6541,od
AKG8021,od
RUR8591,od
RUR4392,od
OWB4543,od
AHN8062,od
OWB8592,od
RUR1419,od
RUR1321,od
APR0437,in
APR0083,od
HWY7285,od
HWY8668,od
KMU4958,od
RUR8667,od
KMU8666,od
APR7287,od
APR3911,od
APR8387,od
APR3644,in
APR7485,od
APR8895,od
SNR8960,od
RUR3632,od
RUR8618,od
AND4377,in
VJR8500,od
VJR8501,od
HWY3523,od
RUR4541,in
RSL4356,od
VJR8502,od
HWY0442,od
RUR0166,od
RSL4355,in
HWY4442,od
RUR1253,od
RUR1404,od
RUR1346,od
RUR1418,od
JHU6576,od
ALN7534,in
JHU6575,od
RUR5555,od
HWY7288,od
RUR4579,in
GGR7524,od
ggr7523,in
GGR7522,od
RUR8925,od
JGW8958,od
JGW8957,od
RUR1456,od
RUR1344,od
BJV4830,od
RUR4528,od
RUR0147,od
RUR1290,od
RUR4298,od
JPW0170,od
JPW4300,od
JPW4299,od
JPW0893,od
JPW4101,od
HTG8714,od
HTG8715,od
ALN7532,od
RUR0202,od
ALN2016,od
HTG8716,od
RKT0940,od
RUR4382,od
VHR4123,od
VHR0868,od
RKT0939,od
VHR4030,in
VHR4095,od
VHR4070,in
VHR4478,od
VHR3889,od
VHR0157,od
CMA4374,od
VHR0869,od
HWY1402,od
RUR0201,od
RUR2027,od
RUR4281,od
YZM4285,od
WOD7960,od
YZM4284,od
RHW0953,od
RUR0224,od
RHW0950,od
RUR4297,od
RUR3987,od
RUR1412,od
RUR1374,od
RUR1338,od
RUR0612,od
BDW7507,od
BDW7506,od
VWL3633,od
VWL8465,od
DWA0913,od
RUR1258,od
RUR4542,od
JLB8619,od
RUR4993,od
AMI4376,od
JLB8620,od
BDW7508,od
RUR4992,od
PKM8470,od
WOD8051,od
RUR4327,od
RUR3575,od
SWA4953,od
HWY8904,od
RUR0289,od
DNB4570,od
DNB8557,od
RUR0728,od
RUR4098,od
RUR1371,od
FRD8504,od
JLJ8617,od
MLS7482,od
MLS7998,od
MLS4438,od
MLS3839,in
MLS7236,od
RUR2101,od
HWY0215,od
HWY0866,od
RUR0339,od
MLS3208,od
MLS4099,od
RUR1381,od
HWY3985,od
RUR0352,od
RUR4564,od
KHL8559,od
ZAS7505,od
KHL8482,od
ZAS7503,in
KHL8479,od
HWY4420,od
ZAS7504,od
RUR4544,od
HWY4421,od
SHR8894,od
AMT7586,od
SHA7359,od
SHA7361,od
RUR1312,od
HWY1462,od
RUR4082,od
HWY1333,od
RUR1286,od
MNI8526,in
RUR4562,od
RUR0191,od
HWY2022,od
MIT7366,od
HWY8546,od
RUR0116,od
HWY3748,od
HWY7999,in
RUR0196,od
RUR4479,od
RUR4093,od
RUR4565,od
MIT5761,od
HWY4480,od
DBG4522,od
QZW8000,od
DBG8678,od
MHR8073,od
NSR7501,od
MHW8012,in
NSR7502,in
NSR7500,od
MHW8011,od
HWY8679,od
HWY4930,od
RUR0230,od
CGT8020,od
HWY4405,in
RUR1401,od
HWY1461,od
HWY1420,od
BKR7399,od
BKR4928,in
RUR4383,od
RUR1023,od
RUR4407,od
HWY0703,od
RUR0627,od
DRK4982,in
DRK8353,od
RUR4984,od
DRK7269,od
DRK4983,od
HWY1458,od
HWY1342,od
TSN8720,od
BWN2834,od
BWN7491,od
BWN4404,od
BWN4114,od
BWN4090,od
BWN3207,od
BWN3838,in
BWN3588,od
BWN1771,od
MTR8861,od
HWY1236,od
BWN2847,od
HWY4670,in
HWY4910,in
RUR1200,od
BHL4879,od
YRW7530,od
KWR8863,od
YRW7529,od
RUR0770,od
KWR8862,od
HWY4880,od
MNK3461,od
hwy7223,od
HWY4815,od
GJH7527,od
HRD0139,od
HRD0140,od
HRD4241,od
HRD4240,od
ROS8700,od
HWY0705,od
QZW8010,od
QZW8007,od
HWY1287,od
CHO8030,od
HWY4432,od
HWY7994,od
HWY0132,od
HWY7993,od
RUR0366,od
HWY3959,od
RUR4813,od
HWY7374,od
RUR4384,od
HWY7995,od
FTH8467,od
RUR1318,od
RUR1373,od
DWA0912,od
RUR4997,od
GAJ8071,od
HWY4417,od
HWY8650,od
GAJ8070,od
CHS7291,in
CHS7386,od
CHS3220,od
CHS4124,od
CHS0021,od
CHS8375,od
CHS7486,in
RUR1392,od
RUR1385,od
RUR8649,od
SFD3593,od
SFD8648,od
RUR3592,od
MJU8647,od
MJU8645,od
RUR0999,od
RUR8646,od
LUD4389,od
RUR0081,od
RUR4388,od
RUR4567,od
RUR1256,od
RUR4566,od
SKA8747,od
SKA4679,od
HSH8506,od
RUR4568,od
RUR0221,od
RUR1050,od
HWY0616,od
RUR0604,od
LHN7245,od
RUR0367,od
HWY1257,od
PKM8469,od
HWY4994,od
RUR1307,od
HWY7265,od
RUR4768,od
HWY7264,od
RUR1288,od
HWY4592,in
CHO8031,od
RUR4593,od
HWY1227,od
KTS4951,od
RUR0136,od
RUR4804,od
RUR1243,od
HWY4671,od
HWY0137,od
HWY0118,od
LYA7266,od
LYA4775,od
LYA3513,od
LYA7991,od
LYA0883,od
LYA3512,od
LYA8370,od
LYA4776,od
LYA7992,od
LYA0884,od
LYA7417,od
HWY0099,od
ATH4921,od
ATH8535,od
RUR1040,od
RUR1284,od
MUN6226,od
MUN6225,od
RUR4823,od
RUR0283,od
HWY7997,in
HWY4812,od
HWY8580,od
HBT4811,in
MNK8932,od
RUR1289,od
RUR8598,od
JHG8416,od
JHG3749,od
JHG8417,od
JHG4071,od
JHG4467,od
JHG7432,od
JHG4040,od
JHG3842,in
jhg7226,od
JHG4466,od
JHG3864,od
JHG8415,od
JHG1780,od
JHG7227,od
GAB7556,od
RUR7368,od
BAS7583,od
BSA8697,od
HWY4520,od
RUR3786,od
BSA4395,od
RUR1270,od
DMR7553,od
RUR8696,od
HWY7986,in
HWY7262,od
MMK0111,od
MMK3332,in
MMK3331,od
RUR1393,od
HWY1335,od
RUR1387,od
JHG1004,od
JHG7433,od
JHG7434,od
JHG1003,od
RUR4859,od
RUR4140,od
KMO0932,od
MKH4860,od
MKH8357,in
KMO0933,od
RUR4231,od
JND0917,od
JHG8414,od
WDR7883,od
DMR8967,od
RUR0071,od
SSD7574,od
HWY3621,od
SSD7573,od
RUR0223,od
HWY4587,od
HWY4309,od
HWY4586,od
RUR1224,od
HWY4076,od
SIN8476,od
SIN4769,od
RUR8474,od
RUR1394,od
HWY4468,od
JBW8567,od
RUR0078,od
JBW8316,in
JBW8566,od
ATH8533,od
HWY0123,od
RUR4248,od
HWY8534,od
RUR3750,od
ANP8723,od
HWY0707,od
RUR1006,od
KTB8658,od
HSB8608,od
HSB8606,od
RDS4774,od
RUR4773,od
RDS8741,od
HWY4894,in
HWY4491,od
RUR4097,od
HWY4760,od
HWY4761,od
HWY7988,od
RUR0710,od
RUR7771,od
OMR8969,od
RUR4112,od
LTF4713,od
LTF8477,od
RUR4714,od
HWY4893,od
RUR1310,od
KHI0058,od
KHI0075,od
KHI0164,od
KHI0587,od
KHI5170,od
KHI5486,od
KHI6796,od
RUR8441,od
HWY4826,od
RUR0172,od
RUR1282,od
HWY4692,od
RUR4683,od
ARN8599,od
RUR1280,od
HWY0648,od
RUR4464,od
HWY8564,od
RUR4318,od
JND0918,od
BHW0385,od
BHW4139,od
RUR0341,od
KAU3214,in
KAU7495,od
KAU7496,od
KAU3215,od
KAU7987,od
HWY1279,od
RUR1274,od
HWY0882,od
RUR4431,od
RUR4590,od
HWY7989,od
HWY3756,in
HWY7419,od
HWY3717,od
RUR4142,od
HWY3262,od
RUR2031,od
RUR7692,od
HWY7976,od
RUR4832,od
RUR8394,od
HWY0764,od
RUR0145,od
HWY0331,od
HWY4134,od
HWY4639,od
RUR4096,od
RUR0726,od
RUR0219,od
TSA4280,od
RUR0218,od
TSA4310,od
NSU4366,od
HWY4588,od
SBK4702,od
HWY0618,od
HWY7263,od
HWY0008,od
HWY0094,od
KTS4950,in
KTS4952,od
KTS7990,od
KWL0334,od
KWL8377,in
kwl7698,od
KWL3451,od
kwl3935,in
RUR3087,in
RUR0634,od
HWY3452,od
RUR0338,od
RUR0146,od
CJH4058,od
CJH7717,in
KWL7331,od
RUR8332,od
SHI3669,od
JWI3710,od
HWY0349,od
RUR0303,od
HWY4669,od
RUR8709,od
HWY0117,od
RUR0080,od
KRR7379,od
KRR8708,od
KRR4433,od
RUR0125,od
RUR1275,od
RUR1355,od
HWY0350,od
RUR4834,od
RUR1011,od
RUR4529,od
HWY7330,in
SHT3970,od
KWL7905,in
RUR1010,od
HWY4159,od
hwy7258,od
HWY0039,od
HWY7660,od
KWL3934,od
SHT3966,od
RUR1323,od
RUR1283,od
RUR8653,od
HWY7261,od
RUR4519,od
SKS8627,od
RUR0079,od
DGK7440,od
DGK3393,od
DGK3394,in
DGK7441,od
DGK3869,od
DGK3897,od
DGK3395,od
KHI0124,in
KHI0266,od
KHI0447,in
KHI0646,od
KHI5952,od
KHI6794,od
HWY3729,od
RUR0213,od
RJS2288,od
KNK7229,od
KKY8799,od
CHN4046,od
CHN3716,od
CHN3827,od
CHN7676,od
CHN4010,od
CHN1859,od
CHN4045,od
CHN4463,in
CHN3826,od
RUR0075,od
KTT7351,od
MNA0068,od
MNA4515,od
MNA8705,od
RUR4513,od
CHZ4056,od
RUR0038,od
KCT7595,od
KCT7392,in
RUR0074,od
HWY4583,od
JMP4307,od
JMP4244,od
RUR1222,od
SAN4156,od
SAN8380,od
SAN4060,od
RUR0427,od
RUR1221,od
HWY4596,od
RUR4476,od
SHL7576,od
BHO7575,od
HWY3848,od
RUR4475,od
MUT8159,od
RUR1300,od
WNG7362,od
RJN4264,in
RUR4585,od
RPU4367,od
HWY4308,od
SKW7518,od
RUR4518,od
HWY4516,od
SKW7516,od
HWY4306,in
RUR4514,od
MAI0186,od
DJL4511,od
RUR4510,od
SHT3330,od
SHT3329,in
SHT7687,od
SHT3964,od
HWY4792,od
MNG3969,od
NKP0930,od
RUR4791,in
ISN9715,od
NKP0927,od
MMN9716,in
SAN8381,od
SAN3791,od
HWY4262,od
HWY4505,od
RUR0076,od
HWY4504,od
RUR0291,od
MTK4584,od
HWY4517,in
MUR7357,od
KHI0037,od
KHI0745,od
KHI5082,in
KHI5088,od
KHI5370,od
KHI6068,od
KHI6803,od
HSK3564,od
RBW0265,od
HSK3565,od
RBW4084,in
HWY8565,od
HWY0617,od
HSK3563,od
HWY4455,od
RBW4053,od
KNW7539,od
RUR4072,od
RUR0233,od
MUT8059,od
RUR0235,od
RUR4454,od
RBW4054,od
RUR8517,od
RUR0258,od
SHN8520,od
HWY3449,od
SHN4552,od
SHN8301,od
RUR0639,od
PUL8515,od
RUR0638,od
HWY8518,od
PUL8516,od
RUR4055,od
RAB8340,od
RUR0641,od
RUR0640,od
SLW4272,od
SLW4273,od
HWY8519,od
DER8194,od
RAB8337,od
HWY1002,od
HWY7203,in
RUR4316,od
RUR3978,od
SLW8389,od
RUR0645,od
KHI0340,in
KHI0538,in
KHI2700,od
KHI5957,in
KHI5980,in
KHI0114,od
HWY1281,od
HWY4885,od
HWY7204,od
HWY8509,od
HWY8906,od
KHA8571,od
KHA8572,od
RUR1001,od
RUR4551,od
RUR8497,od
RUR8901,od
SWL0121,od
SWL4555,od
SWL8511,od
SWL8923,od
RUR1019,od
HWY0298,od
HWY4858,od
QUT6238,od
RAT7581,od
RUR0237,od
RUR0287,od
RUR0646,od
RUR4822,in
RUR4855,od
RUR8576,in
RUR8589,od
SJN8732,od
SJN8734,od
HGW5611,od
KHI0445,in
KHI1014,od
KHI1089,od
KHI2016,od
KHI2305,od
KHI6340,od
KHI6888,od
KHI8334,od
HGW5609,od
SAN7376,od
KHI0136,in
KHI6336,od
KHI7138,od
KHI8105,od
RUR1235,od
KHI0022,in
KHI5042,od
KHI6335,od
KHI0135,od
khi5077,od
KHI6327,od
DGK7699,od
BKT4721,od
BKT8669,od
BKT8670,od
HWY9998,od
KUN7762,od
KUN8391,od
RUR0164,od
RUR1223,od
RUR1414,od
RUR1415,od
RUR4578,od
RUR4856,od
RUR9999,od
UCH3544,in
UCH4458,od
UCH7410,od
UCH8671,od
SDQ3442,od
KHI0050,od
KHI0183,od
KHI0535,od
KHI5245,od
KHI6772,od
KHI5043,od
KHI0243,od
KHI2020,od
KHI5237,od
KHI7048,od
BWT4378,od
JWL8713,od
KPS8624,od
KPS8625,od
RUR0721,od
RUR3586,od
RUR7377,in
RUR7497,od
RUR7498,od
RUR8626,od
RUR8928,od
RUR3545,od
RUR1364,od
RUR0562,in
RUR1225,od
RUR8448,od
RUR1360,od
KHI0024,in
KHI0233,od
KHI5046,od
KHI5326,od
KHI0093,in
KHI0150,od
KHI0283,in
KHI0753,od
MUL3256,od
KHI0061,od
KHI0194,od
KHI5147,od
KHI5055,od
HWY8712,od
JTO0901,od
JTO4006,od
JTO4246,od
JTO8358,od
JWL8711,od
RUR0084,in
RUR0149,od
RUR0193,od
RUR0194,od
RUR0535,od
RUR1242,od
RUR4100,od
RUR4577,od
RUR4810,in
RUR1345,od
KHI0048,in
KHI0066,od
KHI0125,in
KHI0517,od
KHI0681,in
KHI5081,in
KHI6804,od
KHI6805,in
KHI6806,od
KHI0758,in
KHI0853,in
KHI5028,od
KHI5369,od
KHI5420,od
KHI6317,od
KHI6816,in
KHI7895,od
CKW0923,od
CKW0924,od
CKW0926,od
HWY7221,od
RUR0152,od
RUR0197,od
RUR0395,od
RUR1241,od
RUR2041,od
RUR2255,od
RUR3704,od
RUR4091,od
RUR4267,od
RUR4302,od
RUR7380,od
RUR1314,od
RUR1336,od
RUR1313,od
KHI0023,in
KHI0078,od
KHI0348,od
KHI0466,in
KHI5482,od
KHI5613,od
KHI5616,od
KHI5623,od
KHI6795,od
KHI7049,od
KHI0163,in
KHI0532,in
KHI0583,od
KHI5416,od
KHI5475,in
KHI5477,od
KHI6824,od
BAN7254,od
BAN7257,od
GHN8722,od
GHN8743,od
RUR0126,od
RUR0127,od
RUR0133,od
RUR0824,od
RUR1277,od
RUR4083,od
RUR4085,od
RUR4086,od
RUR4575,od
RUR4576,od
RUR4809,od
RUR1450,od
RUR0130,od
RUR0225,od
RUR1226,od
RUR1276,od
RUR3683,od
RUR3928,od
RUR4016,in
RUR4026,od
RUR4247,od
RUR4758,od
RUR4759,in
RUR4808,od
RUR7488,od
WSW8450,od
WSW8451,od
RUR1359,od
RUR1388,od
KHI0143,in
KHI0647,od
KHI0854,od
KHI5099,od
KHI5254,od
KHI0137,od
KHI0350,od
KHI0446,in
KHI5617,od
KHI7031,od
KHI7140,od
KHI9034,od
KHI9042,od
KHI9293,od
ABW8562,od
ABW8578,od
HWY0477,in
HWY7972,od
MUQ7250,od
RUR0072,od
RUR4245,od
RUR4619,od
RUR4995,od
RUR8922,od
TBH0919,od
TBH0920,od
TBH0921,od
TBH0922,od
RUR1391,od
RUR1357,od
KHI0274,od
KHI0088,in
KHI8745,od
KHI0079,in
KHI5018,od
KHI9029,od
ASW8602,od
HWY0023,od
HWY1246,od
HWY1424,od
HWY3647,od
HWY7234,od
HWY7381,od
MBK7558,od
MBK7559,od
RUR0199,od
RUR3628,od
RUR4935,od
RUR1396,od
HWY7970,od
RUR1233,od
RUR4895,od
KHI1640,od
KHI2030,od
KHI2824,od
KHI4310,od
KHI5457,od
KHI6328,od
KHI6391,od
KHI6403,od
KHI6695,od
KHI7034,od
KHI0025,od
KHI0177,in
KHI0346,od
KHI0349,in
KHI5048,od
KHI5612,od
KHI0108,od
KHI0179,od
KHI0186,od
KHI0431,od
KHI2495,od
khi5025,od
KHI5080,od
KHI5097,od
KHI5087,od
KHI0462,in
KHI1081,od
KHI5264,od
khi6809,in
khi9039,od
KHI9040,od
KHI9050,od
KHI9051,od
KHI9052,od
DUR8373,od
HWY1712,od
HWY3217,od
HWY8547,od
JHN0169,od
JHN3455,od
JHN7768,od
MIA8612,od
RUR4722,od
TSP4723,od
TSP8545,od
JHN3668,od
TSP8319,od
RUR1369,od
RUR1398,od
KHI6077,od
KHI0261,od
KHI0057,in
KHI0062,od
KHI0605,od
KHI0759,od
KHI0803,od
KHI5231,od
KHI6295,od
KHI5066,od
KHI6341,od
KHI5101,od
KHI5065,od
KHI0107,od
KHI0184,od
KHI0188,od
KHI0223,od
KHI0525,od
KHI5036,od
khi6014,od
KHI6125,od
KHI6579,od
KHI6732,od
KHI9032,od
KHI0573,in
KHI1107,od
KHI5140,od
KHI5266,in
KHI5615,od
KHI5618,od
KHI5619,od
KHI0151,in
KHI0155,od
KHI0338,od
KHI0344,od
KHI0602,od
KHI0749,od
KHI5007,od
KHI5030,od
KHI5156,od
KHI5382,od
KHI5423,od
KHI5491,od
KHI6102,od
KHI0453,od
KHI0454,in
KHI1073,od
KHI5159,od
KHI5347,od
KHI5400,od
KHI5476,od
KHI5545,od
KHI5546,od
KHI6054,od
Khi6504,od
KHI6810,in
KHI6811,od
khi6825,od
FTM0184,od
QTA0794,in
QTA5796,od
QTA5959,od
KHI0051,od
KHI0292,od
KHI5188,od
KHI7027,od
KHI0028,od
KHI0518,od
KHI1102,od
KHI5115,od
KHI5161,od
KHI5345,od
KHI5413,od
KHI5574,od
KHI6405,od
BON0934,od
BON0938,od
JMR8639,od
JMR8640,od
CHI7585,od
QMP4252,od
RUR3983,od
RUR0678,od
RUR3815,in
RUR4081,od
RUR4563,in
SHG4724,od
LAD0925,od
LAD0929,od
KHI0069,od
KHI0480,in
KHI0584,od
KHI1070,od
KHI5095,od
KHI5224,od
KHI5359,od
KHI5362,od
KHI5363,od
KHI6512,od
KHI6814,od
KHI2820,od
HSL4007,od
HSL3510,in
HSL3511,od
HSL7230,od
hsl7393,od
HSL8374,od
HWY0179,od
HWY7233,od
RUR4416,od
QMP8551,od
QMP8317,od
RUR1022,od
RUR0292,od
RUR0578,od
QTA0667,od
QTA6024,od
QTA5792,od
QTA6715,od
QTA5790,od
QTA6714,od
KHI0036,in
KHI0176,od
KHI0640,in
KHI0740,od
KHI1034,od
KHI1933,od
KHI5031,od
KHI5262,od
KHI5360,od
KHI5364,od
KHI5365,od
KHI5631,od
KHI0142,od
KHI0214,in
KHI0234,od
KHI0572,od
KHI1925,od
KHI5208,od
KHI5596,od
KHI5597,od
KHI5638,od
KHI5655,od
KHI6062,od
KHI6586,od
KHI6589,od
KHI9030,od
KHI0047,od
MUD7569,in
HWY4682,in
CMB3867,od
CMB3976,od
CMR7565,od
CMR7566,od
RUR0267,od
RUR0584,od
RUR0585,od
RUR4080,od
RWL7578,od
FAT0863,od
FAT0872,od
QTA5341,od
QTA5789,od
KHI0571,od
KHI2827,od
KHI5452,od
KHI1923,od
KHI9031,od
BAR7281,od
CMD7218,od
CMD7253,od
CMU7405,od
CMU7406,od
CMU7407,od
DWL4078,od
DWL8323,od
DWL8643,od
HWY7292,od
MSQ3727,od
QBW8064,od
QBW8505,od
KHI0098,od
KHI5125,od
KHI5062,od
AKA7571,od
AKA7572,od
BAR7303,od
FQR4305,od
FQR8681,od
FQR8682,od
HWY4077,od
HWY7301,od
MGZ3789,in
QBW8065,od
QBW8066,in
RUR0207,od
RUR0296,od
RUR0628,od
KHI9026,od
AWA6203,od
FAB0087,od
FAB4236,od
FAB4304,od
HWY0356,od
HWY0635,od
HWY0730,od
HWY7307,od
HWY7308,od
HWY7314,od
KHH6236,od
RUR4303,od
RUR4524,od
KHI9024,od
KHI0339,in
KHI0519,od
KHI0680,od
KHI5249,od
KHI5343,od
KHI5384,od
KHI5520,od
KHI5525,od
KHI5527,od
KHI5528,od
KHI5529,od
khi6818,od
KHI0038,od
KHI0425,in
KHI5150,od
KHI5268,od
KHI5499,od
KHI5500,od
KHI5501,od
KHI5502,od
KHI5504,od
KHI5505,od
KHI5910,od
KHI6469,od
KHI7078,od
KHI5560,od
KHI9033,od
KHI9037,od
KHI0427,od
KHI5006,in
KHI5165,od
KHI5236,od
KHI5242,od
KHI5300,od
KHI5323,od
KHI5367,od
KHI5506,od
KHI5507,od
KHI5509,od
KHI6013,od
KHI6080,od
KHI0250,od
KHI0171,od
KHI0657,in
KHI0679,od
KHI1030,od
KHI5012,od
KHI5250,od
KHI5301,od
KHI5302,od
KHI5312,od
KHI5322,od
KHI5461,od
KHI5462,od
KHI6008,od
khi6011,od
KHI6012,od
KHI0291,od
KHI0757,od
KHI1031,od
KHI1033,od
KHI2015,od
KHI5173,od
KHI5222,od
KHI6591,od
KHI6681,od
KHI7360,od
KHI0656,od
KHI0678,od
KHI0748,od
KHI1101,od
KHI5233,od
KHI5244,in
KHI5532,od
KHI5533,od
KHI5536,od
khi5985,od
KHI0528,in
KHI0710,od
KHI0744,od
KHI1105,od
KHI5019,in
KHI5193,od
KHI5248,od
KHI5437,od
KHI5466,od
KHI5563,od
KHI5571,od
KHI5704,od
KHI6502,od
khi6817,in
KHI0013,od
KHI0044,in
KHI5020,od
KHI5144,od
KHI5296,od
KHI5328,od
KHI5561,od
KHI5562,od
KHI5570,od
KHI5954,od
KHI6066,od
KHI6333,od
KHI0343,od
KHI9023,od
KHI5126,od
KHI5569,od
KHI5295,od
KHI6065,od
KHI1016,od
KHI5058,od
KHI5117,od
KHI5134,od
KHI5435,od
KHI5558,od
KHI5564,od
KHI5605,od
khi5982,od
khi5983,od
KHI6092,od
khi6812,od
KHI7091,od
HGW5270,od
KHI0016,od
KHI0641,in
KHI0902,od
KHI0910,od
KHI0966,od
KHI1015,od
KHI2010,od
KHI5011,od
KHI5551,od
KHI5900,od
KHI6053,od
KHI6091,od
KHI6388,od
KHI6505,od
KHI7038,od
KHI9028,od
HGW5008,od
HGW5057,od
HGW5549,od
HGW5938,od
HGW5950,od
HGW6342,od
HGW6761,od
HGW6830,in
KHI1013,od
KHI1099,od
KHI6687,od
KHI0248,od
KHI5056,od
HGW6819,od
KHI7033,od
KHI0660,in
KHI5166,in
KHI5199,in
KHI5294,od
KHI5354,od
KHI5434,od
KHI5519,od
KHI5526,in
KHI5535,od
KHI5538,od
KHI5539,od
KHI5540,od
KHI5984,od
KHI7092,od
KHI7130,od
KHI1019,od
RUR0167,od
KHI0033,in
KHI0060,od
KHI0604,od
KHI0665,od
KHI1495,od
KHI5315,od
KHI6897,od
KHI7085,od
KHI0526,in
KHI0662,od
KHI1085,od
KHI1086,od
KHI5013,od
KHI5064,od
KHI5232,in
KHI5516,od
KHI5521,od
KHI5522,od
KHI6330,od
KHI8660,od
HWY7305,od
BTW7273,od
BTW7282,od
MAR6182,od
MRT4523,od
RUR0601,od
KHI5128,od
KHI5465,od
HGW0329,od
HGW6296,od
KHI1067,od
KHI1075,od
BUH7123,od
COB0821,od
HGW5010,od
HGW5089,od
HGW5098,od
HGW5676,od
HGW5876,od
KHI2821,od
SRO6458,od
CJK0825,od
cjm6167,od
GHR7057,od
GLM7058,od
JAT0909,od
KCN0978,od
KRO5843,in
KYB5713,od
KYB5714,od
SBN8070,od
VAR0957,od
KHI0210,od
KHI5316,od
KHI5947,od
KHI6506,od
KHI6672,od
KHI6813,od
KHI0144,in
KHI5240,od
KHI5241,od
TOB4079,od
SHO3908,od
KHI5537,od
KHI1029,od
KHI0059,od
STY2010,od
HWY0625,od
RUR4106,od
KHI0084,in
KHI0242,od
KHI1109,od
KHI5003,od
KHI5021,od
KHI5033,od
KHI5085,od
KHI5139,od
KHI5182,od
KHI5256,od
KHI5487,od
KHI6332,od
KHI6585,od
KHI6673,od
KHI6720,od
KHI6829,od
KHI5267,od
KHI1020,od
KHI0064,od
KHI0236,od
KHI0522,od
KHI0603,in
KHI0746,in
KHI1470,od
KHI5225,od
KHI5309,od
KHI5633,od
KHI6404,od
KHI8560,od
KHI5640,od
KHI0046,in
KHI0527,in
KHI0537,in
KHI5034,od
KHI5271,od
KHI5321,od
KHI5349,od
KHI5371,od
KHI5372,od
KHI5496,od
KHI5593,od
KHI5594,od
KHI5974,od
KHI6386,od
SUJ8386,od
KHI5971,od
KHI0180,in
KHI0203,od
KHI0204,od
KHI0228,od
KHI0284,od
KHI0585,od
KHI0675,od
KHI0805,od
KHI5177,od
KHI5191,od
KHI5299,od
KHI5318,od
KHI5498,od
KHI5595,od
KHI5635,od
KHI6064,od
KHI6670,od
KHI0041,od
KHI0105,od
KHI0169,od
KHI0303,od
KHI0674,od
KHI1071,od
KHI3760,od
KHI5229,od
KHI5230,od
KHI5374,od
KHI5375,od
KHI5627,od
KHI0035,in
KHI0199,in
KHI0452,od
KHI0523,od
KHI0540,in
KHI0643,od
KHI5001,od
KHI5015,od
KHI5306,od
KHI5308,od
KHI5644,od
khi6507,od
KHI0070,od
KHI0265,od
KHI0463,od
KHI0601,in
KHI0742,od
KHI0799,od
KHI5023,od
KHI5051,od
KHI5226,od
KHI5497,od
KHI5599,od
KHI5641,od
KHI5656,od
KHI6063,od
KHI0086,in
KHI0195,od
KHI0290,od
KHI0347,in
KHI0666,od
KHI0975,od
KHI1043,od
KHI1057,od
KHI1082,od
KHI2017,od
KHI5492,od
KHI5625,od
KHI5632,od
KHI6329,od
khi6584,od
KHI0082,od
KHI0521,od
KHI0852,od
KHI1049,od
KHI1072,od
KHI5151,od
KHI5235,in
KHI5257,od
KHI5259,od
KHI5460,od
KHI5643,od
KHI5867,od
KHi6508,od
KHI6599,od
khi6771,od
KHI8003,od
HGW0851,in
HGW5940,od
KHI0209,od
KHI0539,in
KHI0703,od
KHI1060,od
KHI1076,od
KHI1097,od
khi5119,od
KHI5228,od
KHI5355,in
KHI5973,od
KHI6583,od
khi6595,od
KHI7021,od
KHI7079,od
KHI5657,od
KHI0524,od
KHI0575,in
KHI0702,od
KHI1059,od
KHI5104,od
KHI5243,in
KHI5317,od
KHI5403,od
KHI5494,od
KHI5495,in
KHI5585,od
KHI5586,od
KHI5588,od
KHI5590,od
KHI5398,od
HGW0333,od
HGW0855,in
HGW2021,od
HGW2022,od
HGW5396,od
HGW5399,od
HGW5573,od
HGW6004,od
hgw6776,od
KHI1061,od
KHI1066,od
KHI2018,od
KHI6334,od
KHI7134,od
HGW7455,od
KHI0015,od
KHI0429,od
KHI0664,od
KHI1062,od
KHI1069,od
KHI5260,in
KHI5307,od
KHI5395,od
KHI5402,od
KHI5582,od
KHI6510,od
KHI6593,od
KHI7136,od
KHI0094,in
KHI0175,od
KHI0206,od
KHI0345,od
KHI0486,in
KHI0638,od
KHI5000,od
KHI5408,od
KHI5410,od
KHI6401,od
KHI6596,od
KHI7036,od
KHI0049,od
KHI0099,od
KHI0215,od
KHI0224,od
KHI0531,od
KHI0743,od
KHI0801,od
KHI5047,od
KHI5261,od
KHI5310,od
KHI5470,od
KHI5480,od
KHI5483,od
KHI5653,od
khi5972,od
KHI6685,od
KHI5035,od
KHI5344,od
KHI0178,in
KHI0520,in
KHI0738,od
KHI1090,od
KHI2823,od
KHI5029,od
KHI5086,od
KHI5148,od
KHI5207,in
KHI5324,od
KHI5346,od
KHI5637,od
KHI5642,od
KHI5649,in
KHI5949,od
KHI7137,od
HGW5009,od
HGW5218,od
KHI0029,od
KHI1092,od
KHI0241,in
KHI0645,in
KHI0804,od
KHI1041,od
KHI1087,od
KHI2013,od
KHI5024,od
KHI5146,od
KHI5628,od
KHI5636,od
khi5962,od
KHI6503,od
KHI6568,od
khi6594,od
KHI8301,od
KHI0045,od
KHI0192,in
KHI0491,in
KHI0802,od
KHI5130,od
KHI5135,od
KHI5304,od
KHI5378,od
KHI5381,od
KHI5404,od
KHI5406,od
KHI5407,od
KHI5645,od
KHI5647,od
KHI5658,od
HGW0659,od
HGW5053,od
HGW5610,od
HGW6778,od
HGW7770,od
KHI0676,od
KHI0760,od
KHI1025,od
KHI2825,od
KHI5103,od
KHI6331,od
KHI6384,od
KHI8002,od
KHI0428,in
KHI1035,od
KHI5014,od
KHI5094,od
KHI5131,od
KHI5136,od
KHI5298,od
KHI5646,od
KHI5948,od
KHI6001,od
KHI6566,od
khi6597,od
khi6828,od
KHI0536,od
KHI7029,od
KHI0219,od
KHI5493,od
HGW7300,od
BUL6136,od
BUL6137,od
BUL6168,od
CND5543,od
DAR6434,in
DAR6435,od
DEW6086,od
HGW5677,in
HGW5678,od
HGW5679,od
HGW6268,od
TTA5680,in
TTA6887,od
TTA5787,od
TTA6696,od
HGW5037,od
KHI5515,od
KHI0677,od
KHI0807,od
KHI1036,od
KHI1039,od
KHI5039,od
khi5112,od
KHI5113,od
khi5132,od
KHI5331,od
khi6071,od
KHI6389,od
KHI6513,od
KHI6598,od
KHI6765,od
KHI8700,od
HGW0299,od
HGW0450,od
HGW5351,od
HGW6433,od
HGW6447,od
HGW7131,od
JSI7124,od
NOR0630,od
NOR5806,od
NOR5921,od
NOR6021,in
NOR6716,od
NOR6728,od
TNA0997,od
TNA0998,od
KHI5946,od
KHI0688,od
KHI0756,in
KHI1044,od
KHI1047,od
KHI2565,od
khi5096,od
KHI5145,od
KHI5303,od
KHI5314,in
KHI5467,od
KHI5484,od
KHI5629,od
KHI5651,od
KHI5965,od
KHI7135,od
HGW5681,od
JSO0456,od
JSO5758,od
JSO5911,od
JSO6124,od
JSO7052,od
KOT0663,od
KOT5716,od
KOT5992,od
KOT5993,od
KOT6539,od
KOT6841,od
KOT7017,od
KHI0076,od
KHI6773,od
KHI0330,od
KHI5155,od
KHI1048,od
KHI1052,od
KHI1053,od
KHI1054,od
KHI1058,od
KHI1063,od
KHI1095,od
KHI1108,od
KHI2822,od
KHI5366,od
khi5963,od
KHI5964,od
KHI6097,od
KHI6501,od
KHI5143,od
HYD0269,od
HYD0534,od
HYD0788,od
HYD0791,od
HYD5554,od
HYD5662,od
HYD5667,od
HYD5673,od
HYD5994,od
KOT6343,in
KOT6784,od
HYD6774,od
KHI2345,od
HGW6387,od
HUB5059,in
HUB5674,od
HUB5675,od
HUB6297,od
HUB6498,od
KHI0426,od
KHI1040,od
KHI1042,od
KHI1045,od
KHI1056,od
KHI5598,od
KHI6338,od
HYD0063,in
HYD0530,od
HYD5661,od
HYD5663,od
HYD5935,od
HYD5991,od
HYD6402,od
HYD6769,in
HYD6837,od
HYD6881,od
HYD7023,od
HYD6058,od
KHI5530,od
KHI5626,od
HUB6298,od
BHP3662,od
KHI1094,od
KHI8740,od
JEV3019,od
GGM4269,od
HYD0100,in
HYD5336,in
HYD5664,od
HYD5668,od
HYD5683,od
HYD5851,od
HYD5852,in
HYD8400,od
HYD6676,od
HGW6074,od
KHI7093,od
KHI5409,od
HGW6121,od
HGW2117,od
HGW5936,od
HGW6041,in
HGW6302,od
HGW6314,od
HYD0792,in
HYD5352,od
HYD5666,od
HYD5990,od
HYD6350,od
HYD6399,od
HYD6494,od
HYD6678,in
HYD7047,od
HYD6882,od
TDQ7100,od
HYD6831,od
HGW6070,od
KHI1051,od
KHI1032,od
KHI1037,od
HGW6108,od
HGW7788,od
HYD0306,in
HYD0661,in
HYD5337,od
HYD5377,od
HYD5660,in
HYD5672,od
HYD7087,od
HGW6109,od
CBR5544,od
CHM6448,od
CHM6450,in
GLG7095,od
HGW7006,od
HKT5542,od
HKT5761,od
MAU6646,od
MUK5274,od
MUK6474,od
PHK0073,od
SKB7109,od
TMN5690,od
TMN5859,od
TMN5860,od
MAU6647,od
KHI1055,od
BUL0828,od
DAO7071,od
HGW6111,od
KGW6142,od
KGW6143,od
KGW6165,od
MOY7126,od
MTL5368,od
MTL5701,od
MTL5888,in
MTL6798,od
RJK7062,od
HGW6110,od
TGA6047,in
HYD5850,od
KHI0032,in
KHI0205,od
KHI0699,od
KHI5269,od
KHI5383,od
ARJ0904,od
ARJ0905,od
GLR6721,od
GLR6722,od
GLR6723,od
SRN7125,od
TBG6377,in
ALA5689,od
ALA6306,od
ALA6318,in
ALA6783,od
DBZ7056,od
HGW0833,od
HGW5333,in
HGW5913,od
HGW6105,od
HGW6305,od
HGW6782,od
DGK4050,od
HYD5334,od
HGW6394,od
MPK5040,od
MPK5109,in
MPK5698,od
MPK5705,od
MPK5906,od
MPK6122,od
MPK6786,od
MPK6792,od
MPK6793,od
SPL6738,od
SPL6739,od
MPK6545,od
KHI2028,od
KHI5620,od
KHI2019,od
DDH6668,in
DDH6669,od
DIG5727,od
DIG6526,od
HGW0837,od
JUD6682,od
JUD6684,od
NUK3985,od
NUK5894,od
NUK5895,od
SKC5205,od
TJM5896,od
TJM5897,od
DIG5703,od
HGW6878,od
TJM5898,od
DIG6262,in
HBR0849,od
HBR0856,od
HGW6019,od
HGW6115,od
HGW6838,od
HGW9361,od
IBT0857,od
JUL7118,od
KGM6451,od
KGM6452,od
KGM6453,od
SAM6463,od
SAM6464,od
SAM6465,od
HYD5659,od
KHI0752,od
KHI5247,od
KHI5379,od
KHI5977,od
HYD6762,od
KHI0182,od
KHI5049,od
KHI7009,od
HUB0479,od
HUB6199,od
HUB6499,od
KHI0750,od
KHI5078,od
HYD6057,od
HYD5338,od
KHI5405,od
KHI5050,od
BGO5176,od
BGO5458,od
BGO5634,od
DKI5784,od
DKI5833,od
DKI5834,od
DKI6524,od
DKI6525,od
HGW5152,od
HGW5195,od
HGW6116,od
HGW7142,od
MPM0375,od
MPM6273,od
MPM6395,od
MPM6858,od
MPM7060,od
RHK7068,od
KHI6588,od
PRO0077,od
ADP7117,od
GKI0374,in
GKI5765,od
GKI5768,od
GKI6263,od
GKI6307,od
GKI6528,od
GKI6895,od
GKI7001,od
HGW6017,od
HGW6037,od
HGW6430,od
HGW7899,od
QDP7074,od
KHI1093,od
HGW0451,od
HGW5201,od
HGW5939,od
KLO7069,od
KHI5116,od
HGW5223,od
PSI3014,od
KHI5510,od
KHI7019,od
KHI5211,od
HYD2132,od
KHI2026,od
HGW6016,od
HGW6036,od
HGW6038,od
HGW6308,od
hgw6489,in
HGW6694,od
HGW7003,od
PAQ0373,od
PAQ5745,od
PAQ5769,od
PAQ5770,od
PAQ5857,od
PAQ6303,od
PAQ6304,od
PAQ6548,od
PAQ7065,od
PAQ7075,od
PAQ8888,od
SPW7088,od
STP7072,od
HYD0529,od
KHI1027,od
HYD6424,od
HYD5853,od
KHI5978,od
HYD5665,od
KHI6587,od
HYD6313,od
HYD6495,od
HYD5567,od
HYD5934,od
KHI5297,od
HWY7306,in
KHI0533,in
KHI5027,od
KHI0145,od
KHI5005,od
KHI0751,od
ALA5213,od
ALA5912,od
ALA6832,od
ALA7782,od
KHI5330,od
KHI0692,od
ORA3018,od
ROD8594,od
HWY4330,od
KHI5154,od
KHI5380,od
KHI5357,od
KHI0335,od
QTA5775,in
QTA5276,od
QTA6026,od
QTA5070,od
QTA5777,in
QTA5220,od
HYD5854,od
KHI5183,in
KHI5490,od
WIN2024,od
KHI5061,od
GWD5071,od
GWD5072,od
GWD5915,od
UTL6521,od
TGA8001,od
KHI5111,od
YZM8356,od
KHI1932,od
KHI5114,od
SUK0332,in
SUK0481,od
SUK0790,in
SUK5670,od
SUK5839,od
suk5926,in
suk5927,od
SUK5996,od
suk5999,in
SUK6490,od
SUK6854,od
SUK6855,od
SUK6883,od
TRI6159,od
SUK0331,in
SUK0795,in
SUK5340,od
SUK5669,od
SUK5671,od
suk5722,od
suk5925,od
SUK5997,od
SUK6126,od
SUK6127,od
SUK6486,od
SUK6488,od
suk6674,od
SUK7013,od
SUK7777,od
SGD7669,od
KHI1046,od
AGB7077,od
CHH6201,od
CHH6477,od
HGW6310,od
LAK5937,od
LAK6209,od
Lak6210,od
PRL5732,od
PRL5827,od
SUK5998,in
SUK6487,od
SUK6884,od
FSD0941,od
BHP7732,od
FSD7764,od
HWY8442,od
KHI5327,od
KPU0369,in
KPU5417,od
KPU5448,in
KPU5801,od
KPU5802,od
KPU6271,od
KPU6309,od
KPU6536,od
KPU6867,od
KPU6868,od
KPU6896,od
KPU7005,od
TRI6061,od
tri6154,od
TRI6155,od
GAR6018,od
GAR6352,od
GCD0005,od
HGW6020,od
HGW6130,od
HGW6285,od
JAG7113,od
KHN6195,od
KHN6196,od
KSF7076,od
MKP7064,od
MOH6048,od
SKP5090,in
SKP5918,od
SKP5919,od
SKP6791,od
SKP6800,od
SKP8020,od
HGW5908,od
FSD7644,od
HRD7295,od
BHP7941,od
BDG6743,od
NAU5696,od
MHT7107,od
NAU5757,od
RDO5813,od
UNR5880,od
PBX6171,od
AIL7122,od
BDG6742,od
GKB7089,od
MBT2477,in
RDO5725,od
RDO5735,od
MPM5800,od
BHP3576,od
BHP0881,od
ALA6555,od
LKN5045,od
LKN5091,in
LKN5093,od
LKN5739,od
LKN5740,od
LKN5741,od
LKN5742,od
LKN5743,od
LKN6300,od
LKN6540,od
LKN6862,od
LKN6864,od
LKN6877,od
LKN7020,od
LKN7030,od
HWY7394,od
FSD7471,od
HYD6836,od
FSD0085,od
KHI0181,od
KHI5385,od
AGR0810,od
BGI7133,od
HGW6046,od
HGW7510,od
KAD6635,od
KAD6636,od
KAD6637,od
KMM5819,od
KMM7082,od
MDJ6206,od
MDJ6207,od
NPR6658,od
NPR6659,od
PJT6148,od
PJT6149,od
PJT6162,od
PJT6857,od
MNW7201,od
KHI6905,od
SGD3900,od
HDL8690,od
HWY4271,od
LDH7402,od
PPL4966,od
HYD5856,od
KHI5464,od
JPW7725,od
KOT5553,od
KHU8352,od
HYD5855,od
HYD0827,od
SUK5393,od
KPU7018,od
QTA5285,od
DST3002,od
QTA6034,od
QTA6319,od
QTA6320,od
QTA6789,od
QTA6790,od
QTA6856,od
QTA7024,od
APR7678,od
BHP3551,od
BHP3577,od
BHP3581,od
BHP7190,od
BHP7733,od
GOJ2012,od
HWY4707,od
KBA7510,od
KBR0093,od
LDH7235,od
NPT8899,od
RUR4110,od
SGD7591,od
KOT5717,od
KHI1050,od
DNB8558,od
GOJ3666,od
HWY7967,od
JRW2000,od
KMU8307,od
MCH3956,od
RPB8574,od
BEL5901,od
BEL5903,od
KMZ8318,od
SDW8586,od
KHI0158,od
KHI6390,od
MTG5720,od
MTG5729,od
MTG6541,od
BAD5108,od
KKI7063,od
GDA6654,od
DKI7010,od
GKI7002,od
KHI5394,od
DBG8680,od
TBG6375,od
KHI5319,od
BAD6259,od
KFA5685,od
KBR3891,od
RUR0242,od
LRS6220,od
PER7128,od
MAC6239,in
VHR8438,od
GMR8718,od
MGH0870,od
HGW0834,od
MGH3684,od
QAB8360,od
RUR3579,od
DST0814,od
ARW7458,od
BRW3664,od
BWN0877,od
BWN7398,od
CHS3594,od
HSH8300,od
HWY7724,od
JHG3933,od
LUD3705,od
MUL3675,od
RUR4782,od
SKA8748,od
VHR3706,od
GPR6188,od
GPR6189,od
GPR6190,od
GPR6529,od
HGW5164,od
HGW6039,od
KDK5755,od
KDK7600,od
KMP7084,od
RUS6440,od
CHS4929,od
MBD8662,od
OWB8593,od
GPR6879,od
KDK5203,od
KDK5804,od
KDK6270,od
KHI5401,od
KHI5133,od
HYD5335,od
HYD6880,od
MNQ8328,od
MUL7767,od
GDA6653,od
GDA6655,od
hgw6780,od
HGW8900,od
KHN6194,od
MPU7103,od
THL0019,od
THL5706,od
THL5823,od
THL5824,od
THL6288,od
THL6556,od
THL6557,od
THL8088,od
KNL3635,od
KNL7675,od
MNW3994,od
RUR7729,od
MUL7758,od
SDQ3584,od
KHI5424,od
WFM6764,od
LKN5995,od
HWY7260,od
LKN6299,od
KHI5591,od
PAQ6785,od
HSB8607,od
RYK3502,od
RYK3962,od
GAH6602,od
GAH6603,od
GCD0008,od
GCD0043,od
HGW6266,od
HGW6532,od
JAC5202,od
JAC5446,in
JAC5547,od
JAC5548,od
JAC5746,od
JAC5747,od
JAC5748,od
MSP6600,od
MSP6601,od
MUB6581,od
KPR7686,od
KPR7736,od
MUL4615,od
MUL8405,od
RYK4120,od
RYK7479,od
RYK8419,od
LPR8361,od
Lak6211,od
HUB5038,od
KBL3445,od
DWL7296,od
MUL3682,od
LTF8478,od
RWL7580,od
MUL4611,od
HSL0088,od
SDC8642,od
HGW7789,od
MUL8054,od
MUL7923,od
ALH0052,od
ALL6664,od
ALL6665,od
HGW0817,od
KHD6606,od
KHD6607,od
SDR7066,od
UMD5723,od
UMD5731,od
UMD5737,od
UMD5744,od
UMD5838,od
UMD6558,od
UMD6709,od
UMD8075,od
UMD9459,od
MUL0176,od
JHN7971,od
MIA8623,od
MRT8342,od
RUR0890,od
RUR1228,od
GNI2025,od
TTA5715,od
KHI5524,od
AKO0954,od
AKO0989,od
BKP6751,od
BKP6752,od
BKP6753,od
GUD6565,od
HWY4507,od
KLI0053,od
KLI0992,od
KLI0993,od
KSH5786,od
KSH5826,in
RBX0990,od
RBX0991,od
SOD6202,od
APS4889,od
DRK8487,od
HWY3758,od
HWY7418,od
KAU4430,od
KRR8710,od
LYA3909,od
LYA8369,od
MTK8622,od
RJN4265,od
SHG8480,od
KHI6561,od
RTI7098,od
UBO0376,od
UBO5805,od
UBO5885,od
LKN6861,od
THR6372,od
THR6373,od
KHI7037,od
QTA6482,od
QTA5283,od
QTA5339,od
QTA5772,od
QTA5778,od
QTA5798,od
QTA6027,od
QTA6481,od
QTA0328,in
QTA5282,in
QTA6822,od
QTA9107,od
QTA5279,od
QTA5774,od
QTA6323,od
QTA0793,od
QTA5141,od
QTA5795,od
QTA0305,in
QTA6788,in
TUR5608,od
QTA6483,od
QTA5278,od
QTA5280,od
QTA5773,od
QTA5776,od
QTA5793,od
QTA6025,od
QTA5281,in
QTA6321,od
QTA0761,od
QTA0091,od
QTA0813,od
QTA7046,od
QTA5797,od
QTA6023,od
QTA6028,od
QTA6033,od
QTA6089,od
QTA6322,od
QTA6484,od
QTA5277,in
QTA6030,od
KCH6497,od
QTA5799,od
QTA6088,od
QTA6398,od
QTA6485,od
KCH5943,in
QTA0430,in
QTA5779,in
HGW6084,od
QTA6031,od
QTA6032,od
QTA6090,od
QTA6821,od
QTA5123,od
HGW0362,od
BKR3712,od
BKR3457,od
HGW6873,od
PIS5442,od
PIS5443,in
HGW6120,od
HGW6278,od
KCH5944,od
KCH5945,od
KCH6859,od
KCH7400,od
KNZ6417,od
KNZ6418,od
KNZ6419,od
PIS6101,od
PIS6550,od
PIS7045,od
YAR5809,od
YAR5810,od
QTA7780,od
HGW6118,od
PIS0812,od
PIS6724,od
QBD6729,od
QBD6730,od
CMN5092,od
HGW6823,od
CMN6292,od
HGW6680,in
HGW6119,od
HGW6531,od
PIS6725,od
PIS6726,od
HGW6820,od
QTA2826,od
QTA7053,od
QTA6087,od
CMN6078,od
HGW7430,od
QTA6324,od
LRI5891,od
MBH5708,od
LRI5892,od
QSA6244,od
QSA6563,od
SWI3006,od
ZRT0055,od
QSA6243,od
LRI5890,od
MBH5881,od
DAL5445,in
DAL5904,od
DMJ5390,od
DMJ5444,od
DMJ6293,od
DMJ6523,od
DMJ6562,od
HGW0819,od
HGW1265,od
HGW6779,od
HGW6885,od
DAL6522,od
DAL6697,od
HGW6886,od
SIB5449,od
SIB5450,in
DDR6422,od
HGW7039,od
HGW7041,od
HGW7042,od
SIB6551,od
HGW7043,od
HGW7044,od
DDR6421,od
DDR6420,od
KLT5719,od
KLT5728,od
KRN8027,od
KUZ5438,od
KUZ5439,od
NSH3009,od
SUR6689,od
NSH3010,od
SBT0040,od
LEH3016,od
CMN7011,od
TLI0818,od
GUD6454,od
RUR1305,od
RUR1306,od
RUR1322,od
RUR1325,od
RUR1330,od
RUR1351,od
RUR1353,od
RUR1367,od
RUR1372,od
RUR1383,od
RUR1390,od
RUR1395,od
RUR1334,od
HWY1363,od
RUR1362,od
RUR1361,od
RUR1370,od
RUR1514,od
RUR1515,od
RUR1519,od
RUR1513,od
RUR1511,od
RYK1166,od
RUR1341,od
RUR1406,od
HWY1332,od
RUR1407,od
RUR1474,od
RUR1486,od
RUR1506,od
RUR1476,od
RUR1496,od
RUR1471,od
RUR1495,od
RUR1494,od
RUR1475,od
RUR1482,od
RUR1493,od
RUR1492,od
RUR1467,od
RUR1503,od
SKC0103,od
RUR1326,od
RUR1464,od
RUR1465,od
RUR1468,od
RUR1466,od
RUR1462,od
RUR1491,od
RUR1425,od
RUR1481,od
RUR1432,od
RUR1463,od
KHI9692,od
RUR1320,od
SDQ2023,od
RUR4931,od
KBL7740,od
SDQ3528,od
RUR8610,od
RUR4328,od
RUR4035,od
RUR3975,od
RUR9901,od
KPR3650,od
RUR4483,od
LDH8915,od
SUJ4290,od
HWY8730,od
RUR9094,od
HWY7460,od
QRW2032,od
JDW8770,od
HWY2105,od
MUL3360,od
RUR3540,od
ISA4320,od
RUR7774,od
RUR9095,od
HSL3515,od
RUR1285,od
HWY1572,od
RUR1554,od
RUR1594,od
RUR1555,od
RUR1561,od
HWY1563,od
HWY1564,od
RUR1584,od
HWY1574,od
RUR1557,od
RUR1565,od
RUR7899,od
MUL4620,od
RUR1593,od
HGW6216,od
HWY3757,od
RUR1573,od
RUR1597,od
HGW6205,od
RUR1570,od
HWY1583,od
RUR1534,od
RUR1576,od
HGW5219,od
JRD4418,od
CHS3224,od
HWY1566,od
HGW6204,od
RUR1599,od
SDQ8428,od
RUR8840,od
HGW6217,od
HWY1558,od
RUR1577,od
RUR1596,od
RUR1569,od
RUR1560,od
RUR1550,od
RUR1588,od
RUR1592,od
RUR1582,od
RUR1579,od
RUR1580,od
HWY1581,od
RUR1590,od
RUR1537,od
RUR1562,od
RUR1516,od
RUR1512,od
RUR9093,od
RUR4961,od
RUR1551,od
HWY1556,od
RUR1552,od
RUR1553,od
HGW7147,od
RUR1567,od
RUR3746,od
LDH4051,od
RUR1559,od
RUR1591,od
HGW5862,od
MUL7792,od
RUR6991,od
KBL9728,od
MUL0855,od
RUR3543,od
HWY8763,od
KHI6990,od
KHI0911,od
KHI0736,od
KHI0115,od
KHI0762,od
RUR3547,od
MUL8421,od
DKI0110,od
MPM0112,od
PJT0113,od
LPR4043,od
HWY4424,od
RUR6989,od
RUR1587,od
HWY3497,od
RUR3183,od
QTA6923,od
MUL3254,od
SDQ7710,od
RUR3538,od
RUR1578,od
RUR3597,od
CHS4125,od
TDQ7146,od
MRI5861,od
FSD4839,od
RUR4919,od
RUR6986,od
